camera_id,slice_type,frames,risk,rationale,,
front,normal,30,Bi?n d?ng cong ? rìa ?ng kính m?t cá làm méo v?ch k? ???ng phía xa,?u tiên s? l??ng cao vì h??ng di chuy?n chính c?n ?? chính xác n?n t?ng t?t,,
front,hard,30,Chói sáng ng??c n?ng; m?t ?? xe ?ông gây che khu?t v?ch ?? và kho?ng tr?ng,T?ng c??ng m?u khó phía tr??c ?? mô hình h?c các tr??ng h?p che khu?t ph?c t?p,,
rear,normal,25,Góc nhìn th?p sát m?t ??t d? dính ph?n c?n sau (ego_body) vào vùng gán nhãn,??m b?o ?? d? li?u tiêu chu?n cho tác v? lùi xe vào chu?ng ??,,
rear,hard,25,Bóng râm g?m xe ?? c?nh; v?ch s?n m? ho?c lóa ?èn phanh làm m?t biên gi?i h?n,C?n thi?t ?? x? lý các tình hu?ng lùi xe trong bãi ?? ch?t h?p ho?c thi?u sáng,,
left,normal,20,?? cong hình h?c c?c ??i d?c thân xe làm bi?n d?ng các ô ?? vuông góc,Duy trì l??ng m?u v?a ?? ?? c?n ch?nh kho?ng cách s??n trái trong ?i?u ki?n th??ng,,
left,hard,25,Xe ?? sát s??n trái che khu?t góc nhìn; bóng râm thân xe ?è lên v?ch chia ô,B? sung thêm m?u khó ?? gi?m l?i nh?n di?n sai ranh gi?i vùng tr?ng bên trái,,
right,normal,20,Bi?n d?ng mép ?nh l?n và v??ng m?t ph?n g??ng/thân xe bên ph?i,Cân b?ng s? l??ng m?u ??i x?ng v?i camera bên trái ? ?i?u ki?n tiêu chu?n,,
right,hard,25,V?t c?n sát l? ???ng (c?t tr? - v?a hè - xe máy) gây nhi?u ranh gi?i free_space,??m b?o mô hình phân bi?t t?t v?ch ?? và ch??ng ng?i v?t sát s??n ph?i,,
,,200,,,,
,,,,,,
,,,,,,
,,,,,,
,,,,,,
,,,,,,
,,,,,,
,,,,,,
,,,,,,Bi?n d?ng cong ? rìa ?ng kính m?t cá làm méo v?ch k? ???ng phía xa?u tiên s? l??ng cao vì h??ng di chuy?n chính c?n ?? chính xác n?n t?ng t?t
,,,,,,front
,,,,,,
,,,,,,hard
,,,,,,
,,,,,,30Chói sáng ng??c n?ng; m?t ?? xe ?ông gây che khu?t v?ch ?? và kho?ng tr?ngT?ng c??ng m?u khó phía tr??c ?? mô hình h?c các tr??ng h?p che khu?t ph?c t?p
,,,,,,rear
,,,,,,
,,,,,,normal
,,,,,,
,,,,,,25Góc nhìn th?p sát m?t ??t d? dính ph?n c?n sau (ego_body) vào vùng gán nhãn??m b?o ?? d? li?u tiêu chu?n cho tác v? lùi xe vào chu?ng ??
,,,,,,rear
,,,,,,
,,,,,,hard
,,,,,,
,,,,,,25Bóng râm g?m xe ?? c?nh; v?ch s?n m? ho?c lóa ?èn phanh làm m?t biên gi?i h?nC?n thi?t ?? x? lý các tình hu?ng lùi xe trong bãi ?? ch?t h?p ho?c thi?u sáng
,,,,,,left
,,,,,,
,,,,,,normal
,,,,,,
,,,,,,20?? cong hình h?c c?c ??i d?c thân xe làm bi?n d?ng các ô ?? vuông gócDuy trì l??ng m?u v?a ?? ?? c?n ch?nh kho?ng cách s??n trái trong ?i?u ki?n th??ng
,,,,,,left
,,,,,,
,,,,,,hard
,,,,,,
,,,,,,25Xe ?? sát s??n trái che khu?t góc nhìn; bóng râm thân xe ?è lên v?ch chia ôB? sung thêm m?u khó ?? gi?m l?i nh?n di?n sai ranh gi?i vùng tr?ng bên trái
,,,,,,right
,,,,,,
,,,,,,normal
,,,,,,
,,,,,,20Bi?n d?ng mép ?nh l?n và v??ng m?t ph?n g??ng/thân xe bên ph?iCân b?ng s? l??ng m?u ??i x?ng v?i camera bên trái ? ?i?u ki?n tiêu chu?n
,,,,,,right
,,,,,,
,,,,,,hard
,,,,,,
,,,,,,25
,,,,,,V?t c?n sát l? ???ng (c?t tr? - v?a hè - xe máy) gây nhi?u ranh gi?i free_space
,,,,,,
,,,,,,??m b?o mô hình phân bi?t t?t v?ch ?? và ch??ng ng?i v?t sát s??n ph?i
